{"r2": 0.3538289125929517, "rmse": 0.6803114240482279, "mae": 0.5182621699725647}